[{
  "_id": {
    "$oid": "60d5ecb8b3920c13a39e9aa6"
  },
  "license": "8VWX234",
  "type": "Sedan",
  "model": "Camry",
  "color": [
    "Gray"
  ],
  "fuel_type": "Hybrid",
  "year": 2023,
  "price": 700,
  "mileage": 5000,
  "condition": "New",
  "image": [
    "image7.jpg"
  ],
  "number_of_seats": 5,
  "status": "available"
},
{
  "_id": {
    "$oid": "60d5ecb8b3920c13a39e9aa7"
  },
  "license": "9YZA567",
  "type": "SUV",
  "model": "CR-V",
  "color": [
    "Black"
  ],
  "fuel_type": "Gasoline",
  "year": 2022,
  "price": 800,
  "mileage": 10000,
  "condition": "New",
  "image": [
    "image8.jpg"
  ],
  "number_of_seats": 5,
  "status": "available"
},
{
  "_id": {
    "$oid": "60d5ecb8b3920c13a39e9aa8"
  },
  "license": "10ABC123",
  "type": "Hatchback",
  "model": "Jazz",
  "color": [
    "White"
  ],
  "fuel_type": "Gasoline",
  "year": 2021,
  "price": 400,
  "mileage": 15000,
  "condition": "Used",
  "image": [
    "image9.jpg"
  ],
  "number_of_seats": 5,
  "status": "available"
},
{
  "_id": {
    "$oid": "60d5ecb8b3920c13a39e9aa9"
  },
  "license": "11DEF456",
  "type": "MPV",
  "model": "Xpander",
  "color": [
    "Silver"
  ],
  "fuel_type": "Gasoline",
  "year": 2022,
  "price": 500,
  "mileage": 8000,
  "condition": "New",
  "image": [
    "image10.jpg"
  ],
  "number_of_seats": 7,
  "status": "available"
},
{
  "_id": {
    "$oid": "60d5ecb8b3920c13a39e9aaa"
  },
  "license": "12GHI789",
  "type": "Pickup",
  "model": "Revo",
  "color": [
    "White"
  ],
  "fuel_type": "Diesel",
  "year": 2023,
  "price": 600,
  "mileage": 5000,
  "condition": "New",
  "image": [
    "image11.jpg"
  ],
  "number_of_seats": 5,
  "status": "available"
},
{
  "_id": {
    "$oid": "60d5ecb8b3920c13a39e9aab"
  },
  "license": "13JKL012",
  "type": "Coupe",
  "model": "Mustang",
  "color": [
    "Blue"
  ],
  "fuel_type": "Gasoline",
  "year": 2023,
  "price": 900,
  "mileage": 3000,
  "condition": "New",
  "image": [
    "image12.jpg"
  ],
  "number_of_seats": 4,
  "status": "available"
},
{
  "_id": {
    "$oid": "60d5ecb8b3920c13a39e9aac"
  },
  "license": "14MNO345",
  "type": "Convertible",
  "model": "Wrangler",
  "color": [
    "Red"
  ],
  "fuel_type": "Gasoline",
  "year": 2022,
  "price": 950,
  "mileage": 6000,
  "condition": "Used",
  "image": [
    "image13.jpg"
  ],
  "number_of_seats": 4,
  "status": "available"
},
{
  "_id": {
    "$oid": "60d5ecb8b3920c13a39e9aad"
  },
  "license": "15PQR678",
  "type": "Sedan",
  "model": "Accord",
  "color": [
    "Silver"
  ],
  "fuel_type": "Hybrid",
  "year": 2021,
  "price": 750,
  "mileage": 12000,
  "condition": "Used",
  "image": [
    "image14.jpg"
  ],
  "number_of_seats": 5,
  "status": "available"
},
{
  "_id": {
    "$oid": "60d5ecb8b3920c13a39e9aae"
  },
  "license": "16STU901",
  "type": "SUV",
  "model": "Tucson",
  "color": [
    "Gray"
  ],
  "fuel_type": "Gasoline",
  "year": 2023,
  "price": 850,
  "mileage": 4000,
  "condition": "New",
  "image": [
    "image15.jpg"
  ],
  "number_of_seats": 5,
  "status": "available"
},
{
  "_id": {
    "$oid": "60d5ecb8b3920c13a39e9aaf"
  },
  "license": "17VWX234",
  "type": "Hatchback",
  "model": "Civic",
  "color": [
    "Black"
  ],
  "fuel_type": "Gasoline",
  "year": 2022,
  "price": 550,
  "mileage": 9000,
  "condition": "Used",
  "image": [
    "image16.jpg"
  ],
  "number_of_seats": 5,
  "status": "available"
}]